id_list,species,gender,epithet
1,Allophryne relicta,Allophryne,relicta
2,Allophryne resplendens,Allophryne,resplendens
3,Allophryne ruthveni,Allophryne,ruthveni
4,Limnomedusa macroglossa,Limnomedusa,macroglossa
5,Allobates bacurau,Allobates,bacurau
6,Allobates brunneus,Allobates,brunneus
7,Allobates caeruleodactylus,Allobates,caeruleodactylus
8,Allobates caldwellae,Allobates,caldwellae
9,Allobates carajas,Allobates,carajas
10,Allobates conspicuus,Allobates,conspicuus
11,Allobates crombiei,Allobates,crombiei
12,Allobates femoralis,Allobates,femoralis
13,Allobates flaviventris,Allobates,flaviventris
14,Allobates fuscellus,Allobates,fuscellus
15,Allobates gasconi,Allobates,gasconi
16,Allobates goianus,Allobates,goianus
17,Allobates grillisimilis,Allobates,grillisimilis
18,Allobates hodli,Allobates,hodli
19,Allobates juami,Allobates,juami
20,Allobates magnussoni,Allobates,magnussoni
21,Allobates marchesianus,Allobates,marchesianus
22,Allobates masniger,Allobates,masniger
23,Allobates myersi,Allobates,myersi
24,Allobates nidicola,Allobates,nidicola
25,Allobates nunciatus,Allobates,nunciatus
26,Allobates olfersioides,Allobates,olfersioides
27,Allobates pacaas,Allobates,pacaas
28,Allobates paleovarzensis,Allobates,paleovarzensis
29,Allobates subfolionidificans,Allobates,subfolionidificans
30,Allobates sumtuosus,Allobates,sumtuosus
31,Allobates tapajos,Allobates,tapajos
32,Allobates tinae,Allobates,tinae
33,Allobates trilineatus,Allobates,trilineatus
34,Allobates vanzolinius,Allobates,vanzolinius
35,Allobates velocicantus,Allobates,velocicantus
36,Anomaloglossus apiau,Anomaloglossus,apiau
37,Anomaloglossus baeobatrachus,Anomaloglossus,baeobatrachus
38,Anomaloglossus stepheni,Anomaloglossus,stepheni
39,Anomaloglossus tamacuarensis,Anomaloglossus,tamacuarensis
40,Anomaloglossus tepequem,Anomaloglossus,tepequem
41,Brachycephalus actaeus,Brachycephalus,actaeus
42,Brachycephalus albolineatus,Brachycephalus,albolineatus
43,Brachycephalus alipioi,Brachycephalus,alipioi
44,Brachycephalus atelopoide,Brachycephalus,atelopoide
45,Brachycephalus auroguttatus,Brachycephalus,auroguttatus
46,Brachycephalus boticario,Brachycephalus,boticario
47,Brachycephalus brunneus,Brachycephalus,brunneus
48,Brachycephalus bufonoides,Brachycephalus,bufonoides
49,Brachycephalus coloratus,Brachycephalus,coloratus
50,Brachycephalus crispus,Brachycephalus,crispus
51,Brachycephalus curupira,Brachycephalus,curupira
52,Brachycephalus darkside,Brachycephalus,darkside
53,Brachycephalus didactylus,Brachycephalus,didactylus
54,Brachycephalus ephippium,Brachycephalus,ephippium
55,Brachycephalus ferruginus,Brachycephalus,ferruginus
56,Brachycephalus fuscolineatus,Brachycephalus,fuscolineatus
57,Brachycephalus garbeanus,Brachycephalus,garbeanus
58,Brachycephalus guarani,Brachycephalus,guarani
59,Brachycephalus hermogenesi,Brachycephalus,hermogenesi
60,Brachycephalus izecksohni,Brachycephalus,izecksohni
61,Brachycephalus leopardus,Brachycephalus,leopardus
62,Brachycephalus margaritatus,Brachycephalus,margaritatus
63,Brachycephalus mariaterezae,Brachycephalus,mariaterezae
64,Brachycephalus mirissimus,Brachycephalus,mirissimus
65,Brachycephalus nodoterga,Brachycephalus,nodoterga
66,Brachycephalus olivaceus,Brachycephalus,olivaceus
67,Brachycephalus pernix,Brachycephalus,pernix
68,Brachycephalus pitanga,Brachycephalus,pitanga
69,Brachycephalus pombali,Brachycephalus,pombali
70,Brachycephalus pulex,Brachycephalus,pulex
71,Brachycephalus quiririensis,Brachycephalus,quiririensis
72,Brachycephalus sulfuratus,Brachycephalus,sulfuratus
73,Brachycephalus toby,Brachycephalus,toby
74,Brachycephalus tridactylus,Brachycephalus,tridactylus
75,Brachycephalus verrucosus,Brachycephalus,verrucosus
76,Brachycephalus vertebralis,Brachycephalus,vertebralis
77,Ischnocnema abdita,Ischnocnema,abdita
78,Ischnocnema bocaina,Ischnocnema,bocaina
79,Ischnocnema bolbodactyla,Ischnocnema,bolbodactyla
80,Ischnocnema colibri,Ischnocnema,colibri
81,Ischnocnema concolor,Ischnocnema,concolor
82,Ischnocnema epipeda,Ischnocnema,epipeda
83,Ischnocnema erythromera,Ischnocnema,erythromera
84,Ischnocnema feioi,Ischnocnema,feioi
85,Ischnocnema garciai,Ischnocnema,garciai
86,Ischnocnema gehrti,Ischnocnema,gehrti
87,Ischnocnema gualteri,Ischnocnema,gualteri
88,Ischnocnema guentheri,Ischnocnema,guentheri
89,Ischnocnema henselii,Ischnocnema,henselii
90,Ischnocnema hoehnei,Ischnocnema,hoehnei
91,Ischnocnema holti,Ischnocnema,holti
92,Ischnocnema izecksohni,Ischnocnema,izecksohni
93,Ischnocnema juipoca,Ischnocnema,juipoca
94,Ischnocnema karst,Ischnocnema,karst
95,Ischnocnema lactea,Ischnocnema,lactea
96,Ischnocnema manezinho,Ischnocnema,manezinho
97,Ischnocnema melanopygia,Ischnocnema,melanopygia
98,Ischnocnema nanahallux,Ischnocnema,nanahallux
99,Ischnocnema nasuta,Ischnocnema,nasuta
100,Ischnocnema nigriventris,Ischnocnema,nigriventris
101,Ischnocnema octavioi,Ischnocnema,octavioi
102,Ischnocnema oea,Ischnocnema,oea
103,Ischnocnema paranaensis,Ischnocnema,paranaensis
104,Ischnocnema parnaso,Ischnocnema,parnaso
105,Ischnocnema parva,Ischnocnema,parva
106,Ischnocnema penaxavantinho,Ischnocnema,penaxavantinho
107,Ischnocnema pusilla,Ischnocnema,pusilla
108,Ischnocnema randorum,Ischnocnema,randorum
109,Ischnocnema sambaqui,Ischnocnema,sambaqui
110,Ischnocnema spanios,Ischnocnema,spanios
111,Ischnocnema surda,Ischnocnema,surda
112,Ischnocnema venancioi,Ischnocnema,venancioi
113,Ischnocnema verrucosa,Ischnocnema,verrucosa
114,Ischnocnema vizottoi,Ischnocnema,vizottoi
115,Amazophrynella bilinguis,Amazophrynella,bilinguis
116,Amazophrynella bokermanni,Amazophrynella,bokermanni
117,Amazophrynella gardai,Amazophrynella,gardai
118,Amazophrynella manaos,Amazophrynella,manaos
119,Amazophrynella minuta,Amazophrynella,minuta
120,Amazophrynella moisesii,Amazophrynella,moisesii
121,Amazophrynella teko,Amazophrynella,teko
122,Amazophrynella vote,Amazophrynella,vote
123,Amazophrynella xinguensis,Amazophrynella,xinguensis
124,Atelopus flavescens,Atelopus,flavescens
125,Atelopus franciscanus,Atelopus,franciscanus
126,Atelopus hoogmoedi,Atelopus,hoogmoedi
127,Atelopus manauensis,Atelopus,manauensis
128,Dendrophryniscus berthalutzae,Dendrophryniscus,berthalutzae
129,Dendrophryniscus brevipollicatus,Dendrophryniscus,brevipollicatus
130,Dendrophryniscus carvalhoi,Dendrophryniscus,carvalhoi
131,Dendrophryniscus davori,Dendrophryniscus,davori
132,Dendrophryniscus haddadi,Dendrophryniscus,haddadi
133,Dendrophryniscus imitator,Dendrophryniscus,imitator
134,Dendrophryniscus izecksohni,Dendrophryniscus,izecksohni
135,Dendrophryniscus jureia,Dendrophryniscus,jureia
136,Dendrophryniscus krausae,Dendrophryniscus,krausae
137,Dendrophryniscus lauroi,Dendrophryniscus,lauroi
138,Dendrophryniscus leucomystax,Dendrophryniscus,leucomystax
139,Dendrophryniscus oreites,Dendrophryniscus,oreites
140,Dendrophryniscus organensis,Dendrophryniscus,organensis
141,Dendrophryniscus proboscideus,Dendrophryniscus,proboscideus
142,Dendrophryniscus skuki,Dendrophryniscus,skuki
143,Dendrophryniscus stawiarskyi,Dendrophryniscus,stawiarskyi
144,Frostius erythrophthalmus,Frostius,erythrophthalmus
145,Frostius pernambucensis,Frostius,pernambucensis
146,Melanophryniscus admirabilis,Melanophryniscus,admirabilis
147,Melanophryniscus alipioi,Melanophryniscus,alipioi
148,Melanophryniscus atroluteus,Melanophryniscus,atroluteus
149,Melanophryniscus biancae,Melanophryniscus,biancae
150,Melanophryniscus cambaraensis,Melanophryniscus,cambaraensis
151,Melanophryniscus devincenzii,Melanophryniscus,devincenzii
152,Melanophryniscus dorsalis,Melanophryniscus,dorsalis
153,Melanophryniscus fulvoguttatus,Melanophryniscus,fulvoguttatus
154,Melanophryniscus klappenbachi,Melanophryniscus,klappenbachi
155,Melanophryniscus macrogranulosus,Melanophryniscus,macrogranulosus
156,Melanophryniscus milanoi,Melanophryniscus,milanoi
157,Melanophryniscus montevidensis,Melanophryniscus,montevidensis
158,Melanophryniscus moreirae,Melanophryniscus,moreirae
159,Melanophryniscus pachyrhynus,Melanophryniscus,pachyrhynus
160,Melanophryniscus peritus,Melanophryniscus,peritus
161,Melanophryniscus sanmartini,Melanophryniscus,sanmartini
162,Melanophryniscus setiba,Melanophryniscus,setiba
163,Melanophryniscus simplex,Melanophryniscus,simplex
164,Melanophryniscus spectabilis,Melanophryniscus,spectabilis
165,Melanophryniscus tumifrons,Melanophryniscus,tumifrons
166,Melanophryniscus vilavelhensis,Melanophryniscus,vilavelhensis
167,Melanophryniscus xanthostomus,Melanophryniscus,xanthostomus
168,Oreophrynella quelchii,Oreophrynella,quelchii
169,Oreophrynella weiassipuensis,Oreophrynella,weiassipuensis
170,Rhaebo ceratophrys,Rhaebo,ceratophrys
171,Rhaebo ecuadorensis,Rhaebo,ecuadorensis
172,Rhaebo guttatus,Rhaebo,guttatus
173,Rhinella achavali,Rhinella,achavali
174,Rhinella acutirostris,Rhinella,acutirostris
175,Rhinella arenarum,Rhinella,arenarum
176,Rhinella azarai,Rhinella,azarai
177,Rhinella bergi,Rhinella,bergi
178,Rhinella casconi,Rhinella,casconi
179,Rhinella castaneotica,Rhinella,castaneotica
180,Rhinella cerradensis,Rhinella,cerradensis
181,Rhinella crucifer,Rhinella,crucifer
182,Rhinella dapsilis,Rhinella,dapsilis
183,Rhinella diptycha,Rhinella,diptycha
184,Rhinella dorbignyi,Rhinella,dorbignyi
185,Rhinella exostosica,Rhinella,exostosica
186,Rhinella granulosa,Rhinella,granulosa
187,Rhinella henseli,Rhinella,henseli
188,Rhinella hoogmoedi,Rhinella,hoogmoedi
189,Rhinella icterica,Rhinella,icterica
190,Rhinella inopina,Rhinella,inopina
191,Rhinella jimi,Rhinella,jimi
192,Rhinella lescurei,Rhinella,lescurei
193,Rhinella magnussoni,Rhinella,magnussoni
194,Rhinella major,Rhinella,major
195,Rhinella margaritifera,Rhinella,margaritifera
196,Rhinella marina,Rhinella,marina
197,Rhinella merianae,Rhinella,merianae
198,Rhinella mirandaribeiroi,Rhinella,mirandaribeiroi
199,Rhinella nattereri,Rhinella,nattereri
200,Rhinella ocellata,Rhinella,ocellata
201,Rhinella ornata,Rhinella,ornata
202,Rhinella parecis,Rhinella,parecis
203,Rhinella poeppigii,Rhinella,poeppigii
204,Rhinella proboscidea,Rhinella,proboscidea
205,Rhinella pygmaea,Rhinella,pygmaea
206,Rhinella rubescens,Rhinella,rubescens
207,Rhinella scitula,Rhinella,scitula
208,Rhinella sebbeni,Rhinella,sebbeni
209,Rhinella veredas,Rhinella,veredas
210,Cochranella resplendens,Cochranella,resplendens
211,Teratohyla adenocheira,Teratohyla,adenocheira
212,Teratohyla midas,Teratohyla,midas
213,Vitreorana baliomma,Vitreorana,baliomma
214,Vitreorana eurygnatha,Vitreorana,eurygnatha
215,Vitreorana franciscana,Vitreorana,franciscana
216,Vitreorana parvula,Vitreorana,parvula
217,Vitreorana ritae,Vitreorana,ritae
218,Vitreorana uranoscopa,Vitreorana,uranoscopa
219,Hyalinobatrachium cappellei,Hyalinobatrachium,cappellei
220,Hyalinobatrachium carlesvilai,Hyalinobatrachium,carlesvilai
221,Hyalinobatrachium iaspidiense,Hyalinobatrachium,iaspidiense
222,Hyalinobatrachium mondolfii,Hyalinobatrachium,mondolfii
223,Hyalinobatrachium muiraquitan,Hyalinobatrachium,muiraquitan
224,Hyalinobatrachium munozorum,Hyalinobatrachium,munozorum
225,Hyalinobatrachium taylori,Hyalinobatrachium,taylori
226,Hyalinobatrachium tricolor,Hyalinobatrachium,tricolor
227,Ceratophrys aurita,Ceratophrys,aurita
228,Ceratophrys cornuta,Ceratophrys,cornuta
229,Ceratophrys cranwelli,Ceratophrys,cranwelli
230,Ceratophrys joazeirensis,Ceratophrys,joazeirensis
231,Ceratophrys ornata,Ceratophrys,ornata
232,Lepidobatrachus asper,Lepidobatrachus,asper
233,Ceuthomantis cavernibardus,Ceuthomantis,cavernibardus
234,Pristimantis academicus,Pristimantis,academicus
235,Pristimantis acuminatus,Pristimantis,acuminatus
236,Pristimantis altamazonicus,Pristimantis,altamazonicus
237,Pristimantis aureolineatus,Pristimantis,aureolineatus
238,Pristimantis buccinator,Pristimantis,buccinator
239,Pristimantis carvalhoi,Pristimantis,carvalhoi
240,Pristimantis chiastonotus,Pristimantis,chiastonotus
241,Pristimantis conspicillatus,Pristimantis,conspicillatus
242,Pristimantis delius,Pristimantis,delius
243,Pristimantis diadematus,Pristimantis,diadematus
244,Pristimantis dundeei,Pristimantis,dundeei
245,Pristimantis eurydactylus,Pristimantis,eurydactylus
246,Pristimantis fenestratus,Pristimantis,fenestratus
247,Pristimantis giorgii,Pristimantis,giorgii
248,Pristimantis gutturalis,Pristimantis,gutturalis
249,Pristimantis inguinalis,Pristimantis,inguinalis
250,Pristimantis lacrimosus,Pristimantis,lacrimosus
251,Pristimantis lanthanites,Pristimantis,lanthanites
252,Pristimantis latro,Pristimantis,latro
253,Pristimantis luscombei,Pristimantis,luscombei
254,Pristimantis malkini,Pristimantis,malkini
255,Pristimantis marmoratus,Pristimantis,marmoratus
256,Pristimantis martiae,Pristimantis,martiae
267,Pristimantis memorans,Pristimantis,memorans
258,Pristimantis moa,Pristimantis,moa
259,Pristimantis ockendeni,Pristimantis,ockendeni
260,Pristimantis orcus,Pristimantis,orcus
261,Pristimantis paulodutrai,Pristimantis,paulodutrai
262,Pristimantis peruvianus,Pristimantis,peruvianus
263,Pristimantis pictus,Pristimantis,pictus
264,Pristimantis pluvian,Pristimantis,pluvian
265,Pristimantis ramagii,Pristimantis,ramagii
266,Pristimantis reichlei,Pristimantis,reichlei
267,Pristimantis rupicola,Pristimantis,rupicola
268,Pristimantis skydmainos,Pristimantis,skydmainos
269,Pristimantis toftae,Pristimantis,toftae
270,Pristimantis variabilis,Pristimantis,variabilis
271,Pristimantis ventrigranulosus,Pristimantis,ventrigranulosus
272,Pristimantis ventrimarmoratus,Pristimantis,ventrimarmoratus
273,Pristimantis vilarsi,Pristimantis,vilarsi
274,Pristimantis vinhai,Pristimantis,vinhai
275,Pristimantis zeuctotylus,Pristimantis,zeuctotylus
276,Pristimantis zimmermanae,Pristimantis,zimmermanae
277,Haddadus aramunha,Haddadus,aramunha
278,Haddadus binotatus,Haddadus,binotatus
279,Haddadus plicifer,Haddadus,plicifer
280,Strabomantis sulcatus,Strabomantis,sulcatus
281,Bahius bilineatus,Bahius,bilineatus
282,Barycholos ternetzi,Barycholos,ternetzi
283,Euparkerella brasiliensis,Euparkerella,brasiliensis
284,Euparkerella cochranae,Euparkerella,cochranae
285,Euparkerella cryptica,Euparkerella,cryptica
286,Euparkerella robusta,Euparkerella,robusta
287,Euparkerella tridactyla,Euparkerella,tridactyla
288,Holoaden bradei,Holoaden,bradei
289,Holoaden luederwaldti,Holoaden,luederwaldti
290,Holoaden pholeter,Holoaden,pholeter
291,Holoaden suarezi,Holoaden,suarezi
292,Noblella myrmecoides,Noblella,myrmecoides
293,Oreobates antrum,Oreobates,antrum
294,Oreobates heterodactylus,Oreobates,heterodactylus
295,Oreobates quixensis,Oreobates,quixensis
296,Oreobates remotus,Oreobates,remotus
297,Cycloramphus acangatan,Cycloramphus,acangatan
298,Cycloramphus asper,Cycloramphus,asper
299,Cycloramphus bandeirensis,Cycloramphus,bandeirensis
300,Cycloramphus bolitoglossus,Cycloramphus,bolitoglossus
301,Cycloramphus boraceiensis,Cycloramphus,boraceiensis
302,Cycloramphus brasiliensis,Cycloramphus,brasiliensis
303,Cycloramphus carvalhoi,Cycloramphus,carvalhoi
304,Cycloramphus heyeri,Cycloramphus,heyeri
305,Cycloramphus catarinensis,Cycloramphus,catarinensis
306,Cycloramphus cedrensis,Cycloramphus,cedrensis
307,Cycloramphus diringshofeni,Cycloramphus,diringshofeni
308,Cycloramphus dubius,Cycloramphus,dubius
309,Cycloramphus duseni,Cycloramphus,duseni
310,Cycloramphus eleutherodactylus,Cycloramphus,eleutherodactylus
311,Cycloramphus faustoi,Cycloramphus,faustoi
312,Cycloramphus fuliginosus,Cycloramphus,fuliginosus
313,Cycloramphus granulosus,Cycloramphus,granulosus
314,Cycloramphus izecksohni,Cycloramphus,izecksohni
315,Cycloramphus juimirim,Cycloramphus,juimirim
316,Cycloramphus lithomimeticus,Cycloramphus,lithomimeticus
317,Cycloramphus lutzorum,Cycloramphus,lutzorum
318,Cycloramphus migueli,Cycloramphus,migueli
319,Cycloramphus mirandaribeiroi,Cycloramphus,mirandaribeiroi
320,Cycloramphus ohausi,Cycloramphus,ohausi
321,Cycloramphus organensis,Cycloramphus,organensis
322,Cycloramphus parvulus,Cycloramphus,parvulus
323,Cycloramphus rhyakonastes,Cycloramphus,rhyakonastes
324,Cycloramphus semipalmatus,Cycloramphus,semipalmatus
325,Cycloramphus stejnegeri,Cycloramphus,stejnegeri
326,Cycloramphus valae,Cycloramphus,valae
327,Thoropa lutzi,Thoropa,lutzi
328,Thoropa megatympanum,Thoropa,megatympanum
329,Thoropa miliaris,Thoropa,miliaris
330,Thoropa petropolitana,Thoropa,petropolitana
331,Thoropa saxatilis,Thoropa,saxatilis
332,Thoropa taophora,Thoropa,taophora
333,Ameerega berohoka,Ameerega,berohoka
334,Ameerega braccata,Ameerega,braccata
335,Ameerega flavopicta,Ameerega,flavopicta
336,Ameerega hahneli,Ameerega,hahneli
337,Ameerega macero,Ameerega,macero
338,Ameerega munduruku,Ameerega,munduruku
339,Ameerega petersi,Ameerega,petersi
340,Ameerega picta,Ameerega,picta
341,Ameerega pulchripecta,Ameerega,pulchripecta
342,Ameerega trivittata,Ameerega,trivittata
343,Adelphobates castaneoticus,Adelphobates,castaneoticus
344,Adelphobates galactonotus,Adelphobates,galactonotus
345,Adelphobates quinquevittatus,Adelphobates,quinquevittatus
346,Dendrobates leucomelas,Dendrobates,leucomelas
347,Dendrobates tinctorius,Dendrobates,tinctorius
348,Ranitomeya amazonica,Ranitomeya,amazonica
349,Ranitomeya defleri,Ranitomeya,defleri
350,Ranitomeya sirensis,Ranitomeya,sirensis
351,Ranitomeya toraro,Ranitomeya,toraro
352,Ranitomeya uakarii,Ranitomeya,uakarii
353,Ranitomeya vanzolinii,Ranitomeya,vanzolinii
354,Ranitomeya variabilis,Ranitomeya,variabilis
355,Hyloxalus chlorocraspedus,Hyloxalus,chlorocraspedus
356,Eleutherodactylus johnstonei,Eleutherodactylus,johnstonei
357,Adelophryne adiastola,Adelophryne,adiastola
358,Adelophryne amapaensis,Adelophryne,amapaensis
359,Adelophryne baturitensis,Adelophryne,baturitensis
360,Adelophryne glandulata,Adelophryne,glandulata
361,Adelophryne gutturosa,Adelophryne,gutturosa
362,Adelophryne maranguapensis,Adelophryne,maranguapensis
363,Adelophryne meridionalis,Adelophryne,meridionalis
364,Adelophryne michelin,Adelophryne,michelin
365,Adelophryne mucronata,Adelophryne,mucronata
366,Adelophryne pachydactyla,Adelophryne,pachydactyla
367,Phyzelaphryne miriamae,Phyzelaphryne,miriamae
368,Phyzelaphryne nimio,Phyzelaphryne,nimio
369,Alainia albolineata,Alainia,albolineata
370,Alainia ernestoi,Alainia,ernestoi
371,Alainia fulvorufa,Alainia,fulvorufa
372,Alainia microdiscus,Alainia,microdiscus
373,Eotheca fissipes,Eotheca,fissipes
374,Eotheca flamma,Eotheca,flamma
375,Eotheca megacephala,Eotheca,megacephala
376,Eotheca prasina,Eotheca,prasina
377,Eotheca pulchra,Eotheca,pulchra
378,Eotheca recava,Eotheca,recava
379,Fritziana fissilis,Fritziana,fissilis
380,Fritziana goeldii,Fritziana,goeldii
381,Fritziana izecksohni,Fritziana,izecksohni
382,Fritziana mitus,Fritziana,mitus
383,Fritziana ohausi,Fritziana,ohausi
384,Fritziana tonimi,Fritziana,tonimi
385,Fritziana ulei,Fritziana,ulei
386,Hemiphractus helioi,Hemiphractus,helioi
387,Hemiphractus scutatus,Hemiphractus,scutatus
388,Stefania neblinae,Stefania,neblinae
389,Stefania tamacuarina,Stefania,tamacuarina
390,Incertae sedis,Incertae,sedis
391,Aplastodiscus albofrenatus,Aplastodiscus,albofrenatus
392,Aplastodiscus albosignatus,Aplastodiscus,albosignatus
393,Aplastodiscus arildae,Aplastodiscus,arildae
394,Aplastodiscus cavicola,Aplastodiscus,cavicola
395,Aplastodiscus cochranae,Aplastodiscus,cochranae
396,Aplastodiscus ehrhardti,Aplastodiscus,ehrhardti
397,Aplastodiscus eugenioi,Aplastodiscus,eugenioi
398,Aplastodiscus flumineus,Aplastodiscus,flumineus
399,Aplastodiscus heterophonicus,Aplastodiscus,heterophonicus
400,Aplastodiscus ibirapitanga,Aplastodiscus,ibirapitanga
401,Aplastodiscus leucopygius,Aplastodiscus,leucopygius
402,Aplastodiscus lutzorum,Aplastodiscus,lutzorum
403,Aplastodiscus musicus,Aplastodiscus,musicus
404,Aplastodiscus perviridis,Aplastodiscus,perviridis
405,Aplastodiscus sibilatus,Aplastodiscus,sibilatus
406,Aplastodiscus weygoldti,Aplastodiscus,weygoldti
407,Boana albomarginata,Boana,albomarginata
408,Boana albopunctata,Boana,albopunctata
409,Boana alfaroi,Boana,alfaroi
410,Boana appendiculata,Boana,appendiculata
411,Boana atlantica,Boana,atlantica
412,Boana benitezi,Boana,benitezi
413,Boana bischoffi,Boana,bischoffi
414,Boana boans,Boana,boans
415,Boana botumirim,Boana,botumirim
416,Boana buriti,Boana,buriti
417,Boana caiapo,Boana,caiapo
418,Boana caingua,Boana,caingua
419,Boana caipora,Boana,caipora
420,Boana calcarata,Boana,calcarata
421,Boana cambui,Boana,cambui
422,Boana cinerascens,Boana,cinerascens
423,Boana cipoensis,Boana,cipoensis
424,Boana claresignata,Boana,claresignata
425,Boana clepsydra,Boana,clepsydra
426,Boana crepitans,Boana,crepitans
427,Boana curupi,Boana,curupi
428,Boana cymbalum,Boana,cymbalum
429,Boana dentei,Boana,dentei
430,Boana diabolica,Boana,diabolica
431,Boana ericae,Boana,ericae
432,Boana exastis,Boana,exastis
433,Boana faber,Boana,faber
434,Boana fasciata,Boana,fasciata
435,Boana freicanecae,Boana,freicanecae
436,Boana geographica,Boana,geographica
437,Boana goiana,Boana,goiana
438,Boana gracilis,Boana,gracilis
439,Boana guentheri,Boana,guentheri
440,Boana hobbsi,Boana,hobbsi
441,Boana icamiaba,Boana,icamiaba
442,Boana jaguariaivensis,Boana,jaguariaivensis
443,Boana joaquini,Boana,joaquini
444,Boana lanciformis,Boana,lanciformis
445,Boana leptolineata,Boana,leptolineata
446,Boana leucocheila,Boana,leucocheila
447,Boana lundii,Boana,lundii
448,Boana maculateralis,Boana,maculateralis
449,Boana marginata,Boana,marginata
450,Boana microderma,Boana,microderma
451,Boana multifasciata,Boana,multifasciata
452,Boana nympha,Boana,nympha
453,Boana ornatissima,Boana,ornatissima
454,Boana paranaiba,Boana,paranaiba
455,Boana pardalis,Boana,pardalis
456,Boana poaju,Boana,poaju
457,Boana polytaenia,Boana,polytaenia
458,Boana pombali,Boana,pombali
459,Boana prasina,Boana,prasina
460,Boana pulchella,Boana,pulchella
461,Boana punctata,Boana,punctata
462,Boana raniceps,Boana,raniceps
463,Boana secedens,Boana,secedens
464,Boana semiguttata,Boana,semiguttata
465,Boana semilineata,Boana,semilineata
466,Boana stellae,Boana,stellae
467,Boana stenocephala,Boana,stenocephala
468,Boana tepuniana,Boana,tepuniana
469,Boana ventrimaculata,Boana,ventrimaculata
470,Boana wavrini,Boana,wavrini
471,Boana xerophyla,Boana,xerophyla
472,Bokermannohyla ahenea,Bokermannohyla,ahenea
473,Bokermannohyla alvarengai,Bokermannohyla,alvarengai
474,Bokermannohyla astartea,Bokermannohyla,astartea
475,Bokermannohyla capra,Bokermannohyla,capra
476,Bokermannohyla caramaschii,Bokermannohyla,caramaschii
477,Bokermannohyla carvalhoi,Bokermannohyla,carvalhoi
478,Bokermannohyla circumdata,Bokermannohyla,circumdata
479,Bokermannohyla diamantina,Bokermannohyla,diamantina
480,Bokermannohyla flavopicta,Bokermannohyla,flavopicta
481,Bokermannohyla gouveai,Bokermannohyla,gouveai
482,Bokermannohyla hylax,Bokermannohyla,hylax
483,Bokermannohyla ibitiguara,Bokermannohyla,ibitiguara
484,Bokermannohyla ibitipoca,Bokermannohyla,ibitipoca
485,Bokermannohyla itapoty,Bokermannohyla,itapoty
486,Bokermannohyla izecksohni,Bokermannohyla,izecksohni
487,Bokermannohyla juiju,Bokermannohyla,juiju
488,Bokermannohyla langei,Bokermannohyla,langei
489,Bokermannohyla lucianae,Bokermannohyla,lucianae
490,Bokermannohyla luctuosa,Bokermannohyla,luctuosa
491,Bokermannohyla martinsi,Bokermannohyla,martinsi
492,Bokermannohyla nanuzae,Bokermannohyla,nanuzae
493,Bokermannohyla napolii,Bokermannohyla,napolii
494,Bokermannohyla oxente,Bokermannohyla,oxente
495,Bokermannohyla pseudopseudis,Bokermannohyla,pseudopseudis
496,Bokermannohyla ravida,Bokermannohyla,ravida
497,Bokermannohyla sagarana,Bokermannohyla,sagarana
498,Bokermannohyla sapiranga,Bokermannohyla,sapiranga
499,Bokermannohyla saxicola,Bokermannohyla,saxicola
500,Bokermannohyla sazimai,Bokermannohyla,sazimai
501,Bokermannohyla vulcaniae,Bokermannohyla,vulcaniae
502,Dendropsophus acreanus,Dendropsophus,acreanus
503,Dendropsophus anataliasiasi,Dendropsophus,anataliasiasi
504,Dendropsophus anceps,Dendropsophus,anceps
505,Dendropsophus araguaya,Dendropsophus,araguaya
506,Dendropsophus berthalutzae,Dendropsophus,berthalutzae
507,Dendropsophus bifurcus,Dendropsophus,bifurcus
508,Dendropsophus bilobatus,Dendropsophus,bilobatus
509,Dendropsophus bipunctatus,Dendropsophus,bipunctatus
510,Dendropsophus bokermanni,Dendropsophus,bokermanni
511,Dendropsophus branneri,Dendropsophus,branneri
512,Dendropsophus brevifrons,Dendropsophus,brevifrons
513,Dendropsophus bromeliaceus,Dendropsophus,bromeliaceus
514,Dendropsophus cachimbo,Dendropsophus,cachimbo
515,Dendropsophus cerradensis,Dendropsophus,cerradensis
516,Dendropsophus counani,Dendropsophus,counani
517,Dendropsophus cruzi,Dendropsophus,cruzi
518,Dendropsophus decipiens,Dendropsophus,decipiens
519,Dendropsophus dutrai,Dendropsophus,dutrai
520,Dendropsophus elegans,Dendropsophus,elegans
521,Dendropsophus elianeae,Dendropsophus,elianeae
522,Dendropsophus gaucheri,Dendropsophus,gaucheri
523,Dendropsophus giesleri,Dendropsophus,giesleri
524,Dendropsophus haddadi,Dendropsophus,haddadi
525,Dendropsophus haraldschultzi,Dendropsophus,haraldschultzi
526,Dendropsophus jimi,Dendropsophus,jimi
527,Dendropsophus joannae,Dendropsophus,joannae
528,Dendropsophus kamagarini,Dendropsophus,kamagarini
529,Dendropsophus koechlini,Dendropsophus,koechlini
530,Dendropsophus leali,Dendropsophus,leali
531,Dendropsophus leucophyllatus,Dendropsophus,leucophyllatus
532,Dendropsophus limai,Dendropsophus,limai
533,Dendropsophus mapinguari,Dendropsophus,mapinguari
534,Dendropsophus marmoratus,Dendropsophus,marmoratus
535,Dendropsophus melanargyreus,Dendropsophus,melanargyreus
536,Dendropsophus meridianus,Dendropsophus,meridianus
537,Dendropsophus microcephalus,Dendropsophus,microcephalus
538,Dendropsophus microps,Dendropsophus,microps
539,Dendropsophus minimus,Dendropsophus,minimus
540,Dendropsophus minusculus,Dendropsophus,minusculus
541,Dendropsophus minutus,Dendropsophus,minutus
542,Dendropsophus miyatai,Dendropsophus,miyatai
543,Dendropsophus nahdereri,Dendropsophus,nahdereri
544,Dendropsophus nanus,Dendropsophus,nanus
545,Dendropsophus nekronastes,Dendropsophus,nekronastes
546,Dendropsophus novaisi,Dendropsophus,novaisi
547,Dendropsophus oliveirai,Dendropsophus,oliveirai
548,Dendropsophus ozzyi,Dendropsophus,ozzyi
549,Dendropsophus parviceps,Dendropsophus,parviceps
550,Dendropsophus pauiniensis,Dendropsophus,pauiniensis
551,Dendropsophus pseudomeridianus,Dendropsophus,pseudomeridianus
552,Dendropsophus reticulatus,Dendropsophus,reticulatus
553,Dendropsophus rhea,Dendropsophus,rhea
554,Dendropsophus rhodopeplus,Dendropsophus,rhodopeplus
555,Dendropsophus riveroi,Dendropsophus,riveroi
556,Dendropsophus rossalleni,Dendropsophus,rossalleni
557,Dendropsophus rubicundulus,Dendropsophus,rubicundulus
558,Dendropsophus ruschii,Dendropsophus,ruschii
559,Dendropsophus salli,Dendropsophus,salli
560,Dendropsophus sanborni,Dendropsophus,sanborni
561,Dendropsophus sarayacuensis,Dendropsophus,sarayacuensis
562,Dendropsophus schubarti,Dendropsophus,schubarti
563,Dendropsophus seniculus,Dendropsophus,seniculus
564,Dendropsophus soaresi,Dendropsophus,soaresi
565,Dendropsophus studerae,Dendropsophus,studerae
566,Dendropsophus timbeba,Dendropsophus,timbeba
567,Dendropsophus tintinnabulum,Dendropsophus,tintinnabulum
568,Dendropsophus triangulum,Dendropsophus,triangulum
569,Dendropsophus tritaeniatus,Dendropsophus,tritaeniatus
570,Dendropsophus walfordi,Dendropsophus,walfordi
571,Dendropsophus werneri,Dendropsophus,werneri
572,Dendropsophus xapuriensis,Dendropsophus,xapuriensis
573,Xenohyla eugenioi,Xenohyla,eugenioi
574,Xenohyla truncata,Xenohyla,truncata
575,Corythomantis botoque,Corythomantis,botoque
576,Corythomantis greeningi,Corythomantis,greeningi
577,Dryaderces inframaculata,Dryaderces,inframaculata
578,Dryaderces pearsoni,Dryaderces,pearsoni
579,Itapotihyla langsdorffii,Itapotihyla,langsdorffii
580,Nyctimantis arapapa,Nyctimantis,arapapa
581,Nyctimantis bokermanni,Nyctimantis,bokermanni
582,Nyctimantis brunoi,Nyctimantis,brunoi
583,Nyctimantis pomba,Nyctimantis,pomba
584,Nyctimantis galeata,Nyctimantis,galeata
585,Osteocephalus buckleyi,Osteocephalus,buckleyi
586,Osteocephalus cabrerai,Osteocephalus,cabrerai
587,Osteocephalus camufatus,Osteocephalus,camufatus
588,Osteocephalus castaneicola,Osteocephalus,castaneicola
589,Osteocephalus deridens,Osteocephalus,deridens
590,Osteocephalus helenae,Osteocephalus,helenae
591,Osteocephalus leprieurii,Osteocephalus,leprieurii
592,Osteocephalus oophagus,Osteocephalus,oophagus
593,Osteocephalus planiceps,Osteocephalus,planiceps
594,Osteocephalus subtilis,Osteocephalus,subtilis
595,Osteocephalus taurinus,Osteocephalus,taurinus
596,Osteocephalus vilarsi,Osteocephalus,vilarsi
597,Phyllodytes acuminatus,Phyllodytes,acuminatus
598,Phyllodytes amadoi,Phyllodytes,amadoi
599,Phyllodytes brevirostris,Phyllodytes,brevirostris
600,Phyllodytes edelmoi,Phyllodytes,edelmoi
601,Phyllodytes gyrinaethes,Phyllodytes,gyrinaethes
602,Phyllodytes kautskyi,Phyllodytes,kautskyi
603,Phyllodytes luteolus,Phyllodytes,luteolus
604,Phyllodytes maculosus,Phyllodytes,maculosus
605,Phyllodytes magnus,Phyllodytes,magnus
606,Phyllodytes megatympanum,Phyllodytes,megatympanum
607,Phyllodytes melanomystax,Phyllodytes,melanomystax
608,Phyllodytes praeceptor,Phyllodytes,praeceptor
609,Phyllodytes punctatus,Phyllodytes,punctatus
610,Phyllodytes tuberculosus,Phyllodytes,tuberculosus
611,Phyllodytes wuchereri,Phyllodytes,wuchereri
612,Tepuihyla shushupe,Tepuihyla,shushupe
613,Trachycephalus atlas,Trachycephalus,atlas
614,Trachycephalus coriaceus,Trachycephalus,coriaceus
615,Trachycephalus cunauaru,Trachycephalus,cunauaru
616,Trachycephalus dibernardoi,Trachycephalus,dibernardoi
617,Trachycephalus hadroceps,Trachycephalus,hadroceps
618,Trachycephalus helioi,Trachycephalus,helioi
619,Trachycephalus imitatrix,Trachycephalus,imitatrix
620,Trachycephalus lepidus,Trachycephalus,lepidus
621,Trachycephalus mambaiensis,Trachycephalus,mambaiensis
622,Trachycephalus mesophaeus,Trachycephalus,mesophaeus
623,Trachycephalus nigromaculatus,Trachycephalus,nigromaculatus
624,Trachycephalus resinifictrix,Trachycephalus,resinifictrix
625,Trachycephalus typhonius,Trachycephalus,typhonius
626,Trachycephalus venezolanus,Trachycephalus,venezolanus
627,Lysapsus bolivianus,Lysapsus,bolivianus
628,Lysapsus caraya,Lysapsus,caraya
629,Lysapsus laevis,Lysapsus,laevis
630,Lysapsus limellum,Lysapsus,limellum
631,Pseudis bolbodactyla,Pseudis,bolbodactyla
632,Pseudis cardosoi,Pseudis,cardosoi
633,Pseudis fusca,Pseudis,fusca
634,Pseudis minuta,Pseudis,minuta
635,Pseudis paradoxa,Pseudis,paradoxa
636,Pseudis platensis,Pseudis,platensis
637,Pseudis tocantins,Pseudis,tocantins
638,Scarthyla goinorum,Scarthyla,goinorum
639,Gabohyla pauloalvini,Gabohyla,pauloalvini
640,Scinax acuminatus,Scinax,acuminatus
641,Scinax agilis,Scinax,agilis
642,Scinax albicans,Scinax,albicans
643,Scinax alcatraz,Scinax,alcatraz
644,Scinax alter,Scinax,alter
645,Scinax angrensis,Scinax,angrensis
646,Scinax arduous,Scinax,arduous
647,Scinax argyreornatus,Scinax,argyreornatus
648,Scinax ariadne,Scinax,ariadne
649,Scinax aromothyella,Scinax,aromothyella
650,Scinax atratus,Scinax,atratus
651,Scinax auratus,Scinax,auratus
652,Scinax baumgardneri,Scinax,baumgardneri
653,Scinax belloni,Scinax,belloni
654,Scinax berthae,Scinax,berthae
655,Scinax boesemani,Scinax,boesemani
656,Scinax brieni,Scinax,brieni
657,Scinax cabralensis,Scinax,cabralensis
658,Scinax caissara,Scinax,caissara
659,Scinax caldarum,Scinax,caldarum
660,Scinax camposseabrai,Scinax,camposseabrai
661,Scinax canastrensis,Scinax,canastrensis
662,Scinax cardosoi,Scinax,cardosoi
663,Scinax carnevallii,Scinax,carnevallii
664,Scinax catharinae,Scinax,catharinae
665,Scinax centralis,Scinax,centralis
666,Scinax constrictus,Scinax,constrictus
667,Scinax cosenzai,Scinax,cosenzai
668,Scinax cretatus,Scinax,cretatus
669,Scinax crospedospilus,Scinax,crospedospilus
670,Scinax cruentomma,Scinax,cruentomma
671,Scinax curicica,Scinax,curicica
672,Scinax cuspidatus,Scinax,cuspidatus
673,Scinax dolloi,Scinax,dolloi
674,Scinax duartei,Scinax,duartei
675,Scinax eurydice,Scinax,eurydice
676,Scinax exiguus,Scinax,exiguus
677,Scinax faivovichi,Scinax,faivovichi
678,Scinax feioi,Scinax,feioi
679,Scinax flavoguttatus,Scinax,flavoguttatus
680,Scinax fontanarrosai,Scinax,fontanarrosai
681,Scinax funereus,Scinax,funereus
682,Scinax fuscomarginatus,Scinax,fuscomarginatus
683,Scinax fuscovarius,Scinax,fuscovarius
684,Scinax garbei,Scinax,garbei
685,Scinax garibaldiae,Scinax,garibaldiae
686,Scinax goya,Scinax,goya
687,Scinax granulatus,Scinax,granulatus
688,Scinax haddadorum,Scinax,haddadorum
689,Scinax hayii,Scinax,hayii
690,Scinax heyeri,Scinax,heyeri
691,Scinax hiemalis,Scinax,hiemalis
692,Scinax humilis,Scinax,humilis
693,Scinax ictericus,Scinax,ictericus
694,Scinax imbegue,Scinax,imbegue
695,Scinax insperatus,Scinax,insperatus
696,Scinax iquitorum,Scinax,iquitorum
697,Scinax juncae,Scinax,juncae
698,Scinax jureia,Scinax,jureia
699,Scinax kautskyi,Scinax,kautskyi
700,Scinax lindsayi,Scinax,lindsayi
701,Scinax littoralis,Scinax,littoralis
702,Scinax littoreus,Scinax,littoreus
703,Scinax longilineus,Scinax,longilineus
704,Scinax luizotavioi,Scinax,luizotavioi
705,Scinax machadoi,Scinax,machadoi
706,Scinax madeirae,Scinax,madeirae
707,Scinax maracaya,Scinax,maracaya
708,Scinax melanodactylus,Scinax,melanodactylus
709,Scinax melloi,Scinax,melloi
710,Scinax montivagus,Scinax,montivagus
711,Scinax muriciensis,Scinax,muriciensis
712,Scinax nasicus,Scinax,nasicus
713,Scinax nebulosus,Scinax,nebulosus
714,Scinax obtriangulatus,Scinax,obtriangulatus
715,Scinax onca,Scinax,onca
716,Scinax pachycrus,Scinax,pachycrus
717,Scinax pedromedinae,Scinax,pedromedinae
718,Scinax peixotoi,Scinax,peixotoi
719,Scinax perereca,Scinax,perereca
720,Scinax perpusillus,Scinax,perpusillus
721,Scinax pinimus,Scinax,pinimus
722,Scinax pombali,Scinax,pombali
723,Scinax proboscideus,Scinax,proboscideus
724,Scinax ranki,Scinax,ranki
725,Scinax rizibilis,Scinax,rizibilis
726,Scinax rogerioi,Scinax,rogerioi
727,Scinax rossaferesae,Scinax,rossaferesae
728,Scinax rostratus,Scinax,rostratus
729,Scinax ruber,Scinax,ruber
730,Scinax ruberoculatus,Scinax,ruberoculatus
731,Scinax rupestris,Scinax,rupestris
732,Scinax sateremawe,Scinax,sateremawe
733,Scinax similis,Scinax,similis
734,Scinax skaios,Scinax,skaios
735,Scinax skuki,Scinax,skuki
736,Scinax squalirostris,Scinax,squalirostris
737,Scinax strigilatus,Scinax,strigilatus
738,Scinax strussmannae,Scinax,strussmannae
739,Scinax tigrinus,Scinax,tigrinus
740,Scinax trapicheiroi,Scinax,trapicheiroi
741,Scinax tropicalia,Scinax,tropicalia
742,Scinax tymbamirim,Scinax,tymbamirim
743,Scinax tripui,Scinax,tripui
744,Scinax tupinamba,Scinax,tupinamba
745,Scinax uruguayus,Scinax,uruguayus
746,Scinax v-signatus,Scinax,v-signatus
747,Scinax villasboasi,Scinax,villasboasi
748,Scinax x-signatus,Scinax,x-signatus
749,Sphaenorhynchus botocudo,Sphaenorhynchus,botocudo
750,Sphaenorhynchus bromelicola,Sphaenorhynchus,bromelicola
751,Sphaenorhynchus cammaeus,Sphaenorhynchus,cammaeus
752,Sphaenorhynchus canga,Sphaenorhynchus,canga
753,Sphaenorhynchus caramaschii,Sphaenorhynchus,caramaschii
754,Sphaenorhynchus carneus,Sphaenorhynchus,carneus
755,Sphaenorhynchus dorisae,Sphaenorhynchus,dorisae
756,Sphaenorhynchus lacteus,Sphaenorhynchus,lacteus
757,Sphaenorhynchus mirim,Sphaenorhynchus,mirim
758,Sphaenorhynchus palustris,Sphaenorhynchus,palustris
759,Sphaenorhynchus planicola,Sphaenorhynchus,planicola
760,Sphaenorhynchus platycephalus,Sphaenorhynchus,platycephalus
761,Sphaenorhynchus prasinus,Sphaenorhynchus,prasinus
762,Sphaenorhynchus surdus,Sphaenorhynchus,surdus
763,Crossodactylus boulengeri,Crossodactylus,boulengeri
764,Crossodactylus caramaschii,Crossodactylus,caramaschii
765,Crossodactylus cyclospinus,Crossodactylus,cyclospinus
766,Crossodactylus dantei,Crossodactylus,dantei
767,Crossodactylus dispar,Crossodactylus,dispar
768,Crossodactylus franciscanus,Crossodactylus,franciscanus
769,Crossodactylus gaudichaudii,Crossodactylus,gaudichaudii
770,Crossodactylus grandis,Crossodactylus,grandis
771,Crossodactylus lutzorum,Crossodactylus,lutzorum
772,Crossodactylus schmidti,Crossodactylus,schmidti
773,Crossodactylus timbuhy,Crossodactylus,timbuhy
774,Crossodactylus trachystomus,Crossodactylus,trachystomus
775,Crossodactylus werneri,Crossodactylus,werneri
776,Hylodes amnicola,Hylodes,amnicola
777,Hylodes asper,Hylodes,asper
778,Hylodes babax,Hylodes,babax
779,Hylodes caete,Hylodes,caete
780,Hylodes cardosoi,Hylodes,cardosoi
781,Hylodes charadranaetes,Hylodes,charadranaetes
782,Hylodes dactylocinus,Hylodes,dactylocinus
783,Hylodes fredi,Hylodes,fredi
784,Hylodes glaber,Hylodes,glaber
785,Hylodes heyeri,Hylodes,heyeri
786,Hylodes japi,Hylodes,japi
787,Hylodes lateristrigatus,Hylodes,lateristrigatus
788,Hylodes magalhaesi,Hylodes,magalhaesi
789,Hylodes meridionalis,Hylodes,meridionalis
790,Hylodes mertensi,Hylodes,mertensi
791,Hylodes nasus,Hylodes,nasus
792,Hylodes ornatus,Hylodes,ornatus
793,Hylodes otavioi,Hylodes,otavioi
794,Hylodes perere,Hylodes,perere
795,Hylodes perplicatus,Hylodes,perplicatus
796,Hylodes phyllodes,Hylodes,phyllodes
797,Hylodes pipilans,Hylodes,pipilans
798,Hylodes regius,Hylodes,regius
799,Hylodes sazimai,Hylodes,sazimai
800,Hylodes uai,Hylodes,uai
801,Hylodes vanzolinii,Hylodes,vanzolinii
802,Megaelosia apuana,Megaelosia,apuana
803,Megaelosia bocainensis,Megaelosia,bocainensis
804,Megaelosia boticariana,Megaelosia,boticariana
805,Megaelosia goeldii,Megaelosia,goeldii
806,Megaelosia jordanensis,Megaelosia,jordanensis
807,Megaelosia lutzae,Megaelosia,lutzae
808,Megaelosia massarti,Megaelosia,massarti
809,Edalorhina perezi,Edalorhina,perezi
810,Engystomops freibergi,Engystomops,freibergi
811,Engystomops petersi,Engystomops,petersi
812,Physalaemus aguirrei,Physalaemus,aguirrei
813,Physalaemus albifrons,Physalaemus,albifrons
814,Physalaemus albonotatus,Physalaemus,albonotatus
815,Physalaemus angrensis,Physalaemus,angrensis
816,Physalaemus atim,Physalaemus,atim
817,Physalaemus atlanticus,Physalaemus,atlanticus
818,Physalaemus barrioi,Physalaemus,barrioi
819,Physalaemus biligonigerus,Physalaemus,biligonigerus
820,Physalaemus bokermanni,Physalaemus,bokermanni
821,Physalaemus caete,Physalaemus,caete
822,Physalaemus camacan,Physalaemus,camacan
823,Physalaemus carrizorum,Physalaemus,carrizorum
824,Physalaemus centralis,Physalaemus,centralis
825,Physalaemus cicada,Physalaemus,cicada
826,Physalaemus claptoni,Physalaemus,claptoni
827,Physalaemus crombiei,Physalaemus,crombiei
828,Physalaemus cuvieri,Physalaemus,cuvieri
829,Physalaemus deimaticus,Physalaemus,deimaticus
830,Physalaemus ephippifer,Physalaemus,ephippifer
831,Physalaemus erikae,Physalaemus,erikae
832,Physalaemus erythros,Physalaemus,erythros
833,Physalaemus evangelistai,Physalaemus,evangelistai
834,Physalaemus feioi,Physalaemus,feioi
835,Physalaemus gracilis,Physalaemus,gracilis
836,Physalaemus henselii,Physalaemus,henselii
837,Physalaemus insperatus,Physalaemus,insperatus
838,Physalaemus irroratus,Physalaemus,irroratus
839,Physalaemus jordanensis,Physalaemus,jordanensis
840,Physalaemus kroyeri,Physalaemus,kroyeri
841,Physalaemus lateristriga,Physalaemus,lateristriga
842,Physalaemus lisei,Physalaemus,lisei
843,Physalaemus maculiventris,Physalaemus,maculiventris
844,Physalaemus marmoratus,Physalaemus,marmoratus
845,Physalaemus maximus,Physalaemus,maximus
846,Physalaemus moreirae,Physalaemus,moreirae
847,Physalaemus nanus,Physalaemus,nanus
848,Physalaemus nattereri,Physalaemus,nattereri
849,Physalaemus obtectus,Physalaemus,obtectus
850,Physalaemus olfersii,Physalaemus,olfersii
851,Physalaemus orophilus,Physalaemus,orophilus
852,Physalaemus riograndensis,Physalaemus,riograndensis
853,Physalaemus rupestris,Physalaemus,rupestris
854,Physalaemus signifer,Physalaemus,signifer
855,Physalaemus soaresi,Physalaemus,soaresi
856,Physalaemus spiniger,Physalaemus,spiniger
857,Pleurodema alium,Pleurodema,alium
858,Pleurodema bibroni,Pleurodema,bibroni
859,Pleurodema brachyops,Pleurodema,brachyops
860,Pleurodema diplolister,Pleurodema,diplolister
861,Pseudopaludicola ameghini,Pseudopaludicola,ameghini
862,Pseudopaludicola atragula,Pseudopaludicola,atragula
863,Pseudopaludicola boliviana,Pseudopaludicola,boliviana
864,Pseudopaludicola canga,Pseudopaludicola,canga
865,Pseudopaludicola ceratophyes,Pseudopaludicola,ceratophyes
866,Pseudopaludicola coracolarinae,Pseudopaludicola,coracolarinae
867,Pseudopaludicola facureae,Pseudopaludicola,facureae
868,Pseudopaludicola falcipes,Pseudopaludicola,falcipes
869,Pseudopaludicola florencei,Pseudopaludicola,florencei
870,Pseudopaludicola giarettai,Pseudopaludicola,giarettai
871,Pseudopaludicola hyleaustralis,Pseudopaludicola,hyleaustralis
872,Pseudopaludicola ibisoroca,Pseudopaludicola,ibisoroca
873,Pseudopaludicola jaredi,Pseudopaludicola,jaredi
874,Pseudopaludicola jazmynmcdonaldae,Pseudopaludicola,jazmynmcdonaldae
875,Pseudopaludicola matuta,Pseudopaludicola,matuta
876,Pseudopaludicola mineira,Pseudopaludicola,mineira
877,Pseudopaludicola motorzinho,Pseudopaludicola,motorzinho
878,Pseudopaludicola murundu,Pseudopaludicola,murundu
879,Pseudopaludicola mystacalis,Pseudopaludicola,mystacalis
880,Pseudopaludicola pocoto,Pseudopaludicola,pocoto
881,Pseudopaludicola restinga,Pseudopaludicola,restinga
882,Pseudopaludicola saltica,Pseudopaludicola,saltica
883,Pseudopaludicola ternetzi,Pseudopaludicola,ternetzi
884,Adenomera ajurauna,Adenomera,ajurauna
885,Adenomera amicorum,Adenomera,amicorum
886,Adenomera andreae,Adenomera,andreae
887,Adenomera araucaria,Adenomera,araucaria
888,Adenomera aurantiaca,Adenomera,aurantiaca
889,Adenomera bokermanni,Adenomera,bokermanni
890,Adenomera chicomendesi,Adenomera,chicomendesi
891,Adenomera cotuba,Adenomera,cotuba
892,Adenomera diptyx,Adenomera,diptyx
893,Adenomera engelsi,Adenomera,engelsi
894,Adenomera glauciae,Adenomera,glauciae
895,Adenomera gridipappi,Adenomera,gridipappi
896,Adenomera heyeri,Adenomera,heyeri
897,Adenomera hylaedactyla,Adenomera,hylaedactyla
898,Adenomera inopinata,Adenomera,inopinata
899,Adenomera juikitam,Adenomera,juikitam
900,Adenomera kayapo,Adenomera,kayapo
901,Adenomera kweti,Adenomera,kweti
902,Adenomera marmorata,Adenomera,marmorata
903,Adenomera martinezi,Adenomera,martinezi
904,Adenomera nana,Adenomera,nana
905,Adenomera phonotriccus,Adenomera,phonotriccus
906,Adenomera saci,Adenomera,saci
907,Adenomera simonstuarti,Adenomera,simonstuarti
908,Adenomera tapajonica,Adenomera,tapajonica
909,Adenomera thomei,Adenomera,thomei
910,Hydrolaetare caparu,Hydrolaetare,caparu
911,Hydrolaetare dantasi,Hydrolaetare,dantasi
912,Hydrolaetare schmidti,Hydrolaetare,schmidti
913,Leptodactylus barrioi,Leptodactylus,barrioi
914,Leptodactylus bolivianus,Leptodactylus,bolivianus
915,Leptodactylus brevipes,Leptodactylus,brevipes
916,Leptodactylus bufonius,Leptodactylus,bufonius
917,Leptodactylus caatingae,Leptodactylus,caatingae
918,Leptodactylus camaquara,Leptodactylus,camaquara
919,Leptodactylus cunicularius,Leptodactylus,cunicularius
920,Leptodactylus cupreus,Leptodactylus,cupreus
921,Leptodactylus didymus,Leptodactylus,didymus
922,Leptodactylus diedrus,Leptodactylus,diedrus
923,Leptodactylus discodactylus,Leptodactylus,discodactylus
924,Leptodactylus elenae,Leptodactylus,elenae
925,Leptodactylus flavopictus,Leptodactylus,flavopictus
926,Leptodactylus furnarius,Leptodactylus,furnarius
927,Leptodactylus fuscus,Leptodactylus,fuscus
928,Leptodactylus gracilis,Leptodactylus,gracilis
929,Leptodactylus guianensis,Leptodactylus,guianensis
930,Leptodactylus hylodes,Leptodactylus,hylodes
931,Leptodactylus intermedius,Leptodactylus,intermedius
932,Leptodactylus jolyi,Leptodactylus,jolyi
933,Leptodactylus kilombo,Leptodactylus,kilombo
934,Leptodactylus knudseni,Leptodactylus,knudseni
935,Leptodactylus labyrinthicus,Leptodactylus,labyrinthicus
936,Leptodactylus latinasus,Leptodactylus,latinasus
937,Leptodactylus latrans,Leptodactylus,latrans
938,Leptodactylus lauramiriamae,Leptodactylus,lauramiriamae
939,Leptodactylus leptodactyloides,Leptodactylus,leptodactyloides
940,Leptodactylus longirostris,Leptodactylus,longirostris
941,Leptodactylus luctator,Leptodactylus,luctator
942,Leptodactylus macrosternum,Leptodactylus,macrosternum
943,Leptodactylus marambaiae,Leptodactylus,marambaiae
944,Leptodactylus myersi,Leptodactylus,myersi
945,Leptodactylus mystaceus,Leptodactylus,mystaceus
946,Leptodactylus mystacinus,Leptodactylus,mystacinus
947,Leptodactylus natalensis,Leptodactylus,natalensis
948,Leptodactylus notoaktites,Leptodactylus,notoaktites
949,Leptodactylus ochraceus,Leptodactylus,ochraceus
950,Leptodactylus oreomantis,Leptodactylus,oreomantis
951,Leptodactylus paraensis,Leptodactylus,paraensis
952,Leptodactylus paranaru,Leptodactylus,paranaru
953,Leptodactylus payaya,Leptodactylus,payaya
954,Leptodactylus pentadactylus,Leptodactylus,pentadactylus
955,Leptodactylus petersii,Leptodactylus,petersii
956,Leptodactylus plaumanni,Leptodactylus,plaumanni
957,Leptodactylus podicipinus,Leptodactylus,podicipinus
958,Leptodactylus pustulatus,Leptodactylus,pustulatus
959,Leptodactylus rhodomystax,Leptodactylus,rhodomystax
960,Leptodactylus rhodonotus,Leptodactylus,rhodonotus
961,Leptodactylus riveroi,Leptodactylus,riveroi
962,Leptodactylus rugosus,Leptodactylus,rugosus
963,Leptodactylus sabanensis,Leptodactylus,sabanensis
964,Leptodactylus sertanejo,Leptodactylus,sertanejo
965,Leptodactylus spixi,Leptodactylus,spixi
966,Leptodactylus stenodema,Leptodactylus,stenodema
967,Leptodactylus syphax,Leptodactylus,syphax
968,Leptodactylus tapiti,Leptodactylus,tapiti
969,Leptodactylus troglodytes,Leptodactylus,troglodytes
970,Leptodactylus validus,Leptodactylus,validus
971,Leptodactylus vastus,Leptodactylus,vastus
972,Leptodactylus viridis,Leptodactylus,viridis
973,Leptodactylus wagneri,Leptodactylus,wagneri
974,Leptodactylus wutu,Leptodactylus,wutu
975,Lithodytes lineatus,Lithodytes,lineatus
976,Crossodactylodes bokermanni,Crossodactylodes,bokermanni
977,Crossodactylodes itambe,Crossodactylodes,itambe
978,Crossodactylodes izecksohni,Crossodactylodes,izecksohni
979,Crossodactylodes pintoi,Crossodactylodes,pintoi
980,Crossodactylodes septentrionalis,Crossodactylodes,septentrionalis
981,Paratelmatobius cardosoi,Paratelmatobius,cardosoi
982,Paratelmatobius gaigeae,Paratelmatobius,gaigeae
983,Paratelmatobius lutzii,Paratelmatobius,lutzii
984,Paratelmatobius mantiqueira,Paratelmatobius,mantiqueira
985,Paratelmatobius poecilogaster,Paratelmatobius,poecilogaster
986,Paratelmatobius segallai,Paratelmatobius,segallai
987,Paratelmatobius yepiranga,Paratelmatobius,yepiranga
988,Rupirana cardosoi,Rupirana,cardosoi
989,Scythrophrys sawayae,Scythrophrys,sawayae
990,Adelastes hylonomus,Adelastes,hylonomus
991,Arcovomer passarellii,Arcovomer,passarellii
992,Chiasmocleis alagoana,Chiasmocleis,alagoana
993,Chiasmocleis albopunctata,Chiasmocleis,albopunctata
994,Chiasmocleis altomontana,Chiasmocleis,altomontana
995,Chiasmocleis antenori,Chiasmocleis,antenori
996,Chiasmocleis atlantica,Chiasmocleis,atlantica
997,Chiasmocleis avilapiresae,Chiasmocleis,avilapiresae
998,Chiasmocleis bassleri,Chiasmocleis,bassleri
999,Chiasmocleis bicegoi,Chiasmocleis,bicegoi
1000,Chiasmocleis capixaba,Chiasmocleis,capixaba
1001,Chiasmocleis centralis,Chiasmocleis,centralis
1002,Chiasmocleis cordeiroi,Chiasmocleis,cordeiroi
1003,Chiasmocleis crucis,Chiasmocleis,crucis
1004,Chiasmocleis haddadi,Chiasmocleis,haddadi
1005,Chiasmocleis hudsoni,Chiasmocleis,hudsoni
1006,Chiasmocleis jimi,Chiasmocleis,jimi
1007,Chiasmocleis lacrimae,Chiasmocleis,lacrimae
1008,Chiasmocleis leucosticta,Chiasmocleis,leucosticta
1009,Chiasmocleis mantiqueira,Chiasmocleis,mantiqueira
1010,Chiasmocleis mehelyi,Chiasmocleis,mehelyi
1011,Chiasmocleis migueli,Chiasmocleis,migueli
1012,Chiasmocleis papachibe,Chiasmocleis,papachibe
1013,Chiasmocleis quilombola,Chiasmocleis,quilombola
1014,Chiasmocleis royi,Chiasmocleis,royi
1015,Chiasmocleis sapiranga,Chiasmocleis,sapiranga
1016,Chiasmocleis schubarti,Chiasmocleis,schubarti
1017,Chiasmocleis shudikarensis,Chiasmocleis,shudikarensis
1018,Chiasmocleis supercilialba,Chiasmocleis,supercilialba
1019,Chiasmocleis tridactyla,Chiasmocleis,tridactyla
1020,Chiasmocleis ventrimaculata,Chiasmocleis,ventrimaculata
1021,Chiasmocleis veracruz,Chiasmocleis,veracruz
1022,Ctenophryne geayi,Ctenophryne,geayi
1023,Dasypops schirchi,Dasypops,schirchi
1024,Dermatonotus muelleri,Dermatonotus,muelleri
1025,Elachistocleis bicolor,Elachistocleis,bicolor
1026,Elachistocleis bumbameuboi,Elachistocleis,bumbameuboi
1027,Elachistocleis carvalhoi,Elachistocleis,carvalhoi
1028,Elachistocleis cesarii,Elachistocleis,cesarii
1029,Elachistocleis corumbaensis,Elachistocleis,corumbaensis
1030,Elachistocleis erythrogaster,Elachistocleis,erythrogaster
1031,Elachistocleis helianneae,Elachistocleis,helianneae
1032,Elachistocleis magna,Elachistocleis,magna
1033,Elachistocleis matogrosso,Elachistocleis,matogrosso
1034,Elachistocleis muiraquitan,Elachistocleis,muiraquitan
1035,Elachistocleis piauiensis,Elachistocleis,piauiensis
1036,Elachistocleis surinamensis,Elachistocleis,surinamensis
1037,Elachistocleis surumu,Elachistocleis,surumu
1038,Hamptophryne alios,Hamptophryne,alios
1039,Hamptophryne boliviana,Hamptophryne,boliviana
1040,Myersiella microps,Myersiella,microps
1041,Relictocleis gnoma,Relictocleis,gnoma
1042,Stereocyclops histrio,Stereocyclops,histrio
1043,Stereocyclops incrassatus,Stereocyclops,incrassatus
1044,Stereocyclops palmipes,Stereocyclops,palmipes
1045,Stereocyclops parkeri,Stereocyclops,parkeri
1046,Otophryne pyburni,Otophryne,pyburni
1047,Synapturanus mirandaribeiroi,Synapturanus,mirandaribeiroi
1048,Synapturanus salseri,Synapturanus,salseri
1049,Macrogenioglottus alipioi,Macrogenioglottus,alipioi
1050,Odontophrynus americanus,Odontophrynus,americanus
1051,Odontophrynus carvalhoi,Odontophrynus,carvalhoi
1052,Odontophrynus cultripes,Odontophrynus,cultripes
1053,Odontophrynus juquinha,Odontophrynus,juquinha
1054,Odontophrynus lavillai,Odontophrynus,lavillai
1055,Odontophrynus maisuma,Odontophrynus,maisuma
1056,Odontophrynus monachus,Odontophrynus,monachus
1057,Proceratophrys appendiculata,Proceratophrys,appendiculata
1058,Proceratophrys ararype,Proceratophrys,ararype
1059,Proceratophrys avelinoi,Proceratophrys,avelinoi
1060,Proceratophrys bagnoi,Proceratophrys,bagnoi
1061,Proceratophrys belzebul,Proceratophrys,belzebul
1062,Proceratophrys bigibbosa,Proceratophrys,bigibbosa
1063,Proceratophrys boiei,Proceratophrys,boiei
1064,Proceratophrys branti,Proceratophrys,branti
1065,Proceratophrys brauni,Proceratophrys,brauni
1066,Proceratophrys carranca,Proceratophrys,carranca
1067,Proceratophrys concavitympanum,Proceratophrys,concavitympanum
1068,Proceratophrys cristiceps,Proceratophrys,cristiceps
1069,Proceratophrys cururu,Proceratophrys,cururu
1070,Proceratophrys dibernardoi,Proceratophrys,dibernardoi
1071,Proceratophrys gladius,Proceratophrys,gladius
1072,Proceratophrys goyana,Proceratophrys,goyana
1073,Proceratophrys huntingtoni,Proceratophrys,huntingtoni
1074,Proceratophrys itamari,Proceratophrys,itamari
1075,Proceratophrys izecksohni,Proceratophrys,izecksohni
1076,Proceratophrys laticeps,Proceratophrys,laticeps
1077,Proceratophrys mantiqueira,Proceratophrys,mantiqueira
1078,Proceratophrys melanopogon,Proceratophrys,melanopogon
1079,Proceratophrys minuta,Proceratophrys,minuta
1080,Proceratophrys moehringi,Proceratophrys,moehringi
1081,Proceratophrys moratoi,Proceratophrys,moratoi
1082,Proceratophrys palustris,Proceratophrys,palustris
1083,Proceratophrys paviotii,Proceratophrys,paviotii
1084,Proceratophrys phyllostomus,Proceratophrys,phyllostomus
1085,Proceratophrys pombali,Proceratophrys,pombali
1086,Proceratophrys redacta,Proceratophrys,redacta
1087,Proceratophrys renalis,Proceratophrys,renalis
1088,Proceratophrys rondonae,Proceratophrys,rondonae
1089,Proceratophrys rotundipalpebra,Proceratophrys,rotundipalpebra
1090,Proceratophrys salvatori,Proceratophrys,salvatori
1091,Proceratophrys sanctaritae,Proceratophrys,sanctaritae
1092,Proceratophrys schirchi,Proceratophrys,schirchi
1093,Proceratophrys strussmannae,Proceratophrys,strussmannae
1094,Proceratophrys subguttata,Proceratophrys,subguttata
1095,Proceratophrys tupinamba,Proceratophrys,tupinamba
1096,Proceratophrys vielliardi,Proceratophrys,vielliardi
1097,Callimedusa atelopoides,Callimedusa,atelopoides
1098,Callimedusa tomopterna,Callimedusa,tomopterna
1099,Cruziohyla craspedopus,Cruziohyla,craspedopus
1100,Hylomantis aspera,Hylomantis,aspera
1101,Hylomantis granulosa,Hylomantis,granulosa
1102,Phasmahyla cochranae,Phasmahyla,cochranae
1103,Phasmahyla cruzi,Phasmahyla,cruzi
1104,Phasmahyla exilis,Phasmahyla,exilis
1105,Phasmahyla guttata,Phasmahyla,guttata
1106,Phasmahyla jandaia,Phasmahyla,jandaia
1107,Phasmahyla lisbella,Phasmahyla,lisbella
1108,Phasmahyla spectabilis,Phasmahyla,spectabilis
1109,Phasmahyla timbo,Phasmahyla,timbo
1110,Phrynomedusa appendiculata,Phrynomedusa,appendiculata
1111,Phrynomedusa bokermanni,Phrynomedusa,bokermanni
1112,Phrynomedusa dryade,Phrynomedusa,dryade
1113,Phrynomedusa fimbriata,Phrynomedusa,fimbriata
1114,Phrynomedusa marginata,Phrynomedusa,marginata
1115,Phrynomedusa vanzolinii,Phrynomedusa,vanzolinii
1116,Phyllomedusa bahiana,Phyllomedusa,bahiana
1117,Phyllomedusa bicolor,Phyllomedusa,bicolor
1118,Phyllomedusa boliviana,Phyllomedusa,boliviana
1119,Phyllomedusa burmeisteri,Phyllomedusa,burmeisteri
1120,Phyllomedusa camba,Phyllomedusa,camba
1121,Phyllomedusa distincta,Phyllomedusa,distincta
1122,Phyllomedusa iheringii,Phyllomedusa,iheringii
1123,Phyllomedusa sauvagii,Phyllomedusa,sauvagii
1124,Phyllomedusa tarsius,Phyllomedusa,tarsius
1125,Phyllomedusa tetraploidea,Phyllomedusa,tetraploidea
1126,Phyllomedusa vaillantii,Phyllomedusa,vaillantii
1127,Pithecopus araguaius,Pithecopus,araguaius
1128,Pithecopus ayeaye,Pithecopus,ayeaye
1129,Pithecopus azureus,Pithecopus,azureus
1130,Pithecopus centralis,Pithecopus,centralis
1131,Pithecopus gonzagai,Pithecopus,gonzagai
1132,Pithecopus hypochondrialis,Pithecopus,hypochondrialis
1133,Pithecopus megacephalus,Pithecopus,megacephalus
1134,Pithecopus nordestinus,Pithecopus,nordestinus
1135,Pithecopus oreades,Pithecopus,oreades
1136,Pithecopus palliatus,Pithecopus,palliatus
1137,Pithecopus rohdei,Pithecopus,rohdei
1138,Pithecopus rusticus,Pithecopus,rusticus
1139,Pipa arrabali,Pipa,arrabali
1140,Pipa carvalhoi,Pipa,carvalhoi
1141,Pipa pipa,Pipa,pipa
1142,Pipa snethlageae,Pipa,snethlageae
1143,Aquarana catesbeiana,Aquarana,catesbeiana
1144,Lithobates palmipes,Lithobates,palmipes
1145,Bolitoglossa altamazonica,Bolitoglossa,altamazonica
1146,Bolitoglossa caldwellae,Bolitoglossa,caldwellae
1147,Bolitoglossa madeira,Bolitoglossa,madeira
1148,Bolitoglossa paraensis,Bolitoglossa,paraensis
1149,Bolitoglossa tapajonica,Bolitoglossa,tapajonica
1150,Caecilia armata,Caecilia,armata
1151,Caecilia gracilis,Caecilia,gracilis
1152,Caecilia marcusi,Caecilia,marcusi
1153,Caecilia tentaculata,Caecilia,tentaculata
1154,Oscaecilia hypereumeces,Oscaecilia,hypereumeces
1155,Rhinatrema bivittatum,Rhinatrema,bivittatum
1156,Rhinatrema gilbertogili,Rhinatrema,gilbertogili
1157,Rhinatrema ron,Rhinatrema,ron
1158,Rhinatrema uaiuai,Rhinatrema,uaiuai
1159,Brasilotyphlus braziliensis,Brasilotyphlus,braziliensis
1160,Brasilotyphlus dubium,Brasilotyphlus,dubium
1161,Brasilotyphlus guarantanus,Brasilotyphlus,guarantanus
1162,Luetkenotyphlus brasiliensis,Luetkenotyphlus,brasiliensis
1163,Luetkenotyphlus fredi,Luetkenotyphlus,fredi
1164,Luetkenotyphlus insulanus,Luetkenotyphlus,insulanus
1165,Microcaecilia butantan,Microcaecilia,butantan
1166,Microcaecilia marvaleewakeae,Microcaecilia,marvaleewakeae
1167,Microcaecilia rochai,Microcaecilia,rochai
1168,Microcaecilia supernumeraria,Microcaecilia,supernumeraria
1169,Microcaecilia taylori,Microcaecilia,taylori
1170,Microcaecilia trombetas,Microcaecilia,trombetas
1171,Mimosiphonops reinhardti,Mimosiphonops,reinhardti
1172,Mimosiphonops vermiculatus,Mimosiphonops,vermiculatus
1173,Siphonops annulatus,Siphonops,annulatus
1174,Siphonops hardyi,Siphonops,hardyi
1175,Siphonops leucoderus,Siphonops,leucoderus
1176,Siphonops paulensis,Siphonops,paulensis
1177,Atretochoana eiselti,Atretochoana,eiselti
1178,Chthonerpeton arii,Chthonerpeton,arii
1179,Chthonerpeton braestrupi,Chthonerpeton,braestrupi
1180,Chthonerpeton exile,Chthonerpeton,exile
1181,Chthonerpeton indistinctum,Chthonerpeton,indistinctum
1182,Chthonerpeton noctinectes,Chthonerpeton,noctinectes
1183,Chthonerpeton perissodus,Chthonerpeton,perissodus
1184,Chthonerpeton tremembe,Chthonerpeton,tremembe
1185,Chthonerpeton viviparum,Chthonerpeton,viviparum
1186,Nectocaecilia petersii,Nectocaecilia,petersii
1187,Potomotyphlus kaupii,Potomotyphlus,kaupii
1188,Typhlonectes compressicauda,Typhlonectes,compressicauda
